,Income Classification,LDC,LIFD,LLDC or SID2,Survey Sample (N),Severe Wasting,Wasting,Overweight,Stunting,Underweight
0,0,1,1,1,"4,846",,18.2,6.5,53.2,44.9
1,0,1,1,1,946,3.5,8.6,4.6,59.3,32.9
2,0,1,1,1,"44,26,469",4,9.5,5.3,40.4,24.6
3,0,1,1,1,,1.6,5.1,4.1,38.2,19.1
4,2,0,0,0,"7,642",,8.1,9.5,20.4,7.1
5,2,0,0,0,"1,382",6.2,12.2,30.1,39.2,17
6,2,0,0,0,"1,090",3.7,7.3,24.8,26.7,6.6
7,2,0,0,0,"1,489",5.9,9.6,23.2,23.2,6.3
8,2,0,0,0,"2,367",0.5,1.6,16.4,11.3,1.5
9,2,0,0,0,"2,344",,4,,16.9,8
10,2,0,0,0,"4,629",3,7.1,8.7,22.9,9.2
11,2,0,0,0,"3,825",4.2,9.6,13.2,22.5,11.3
12,2,0,0,0,"4,178",1.1,3.1,14.7,23.6,5.4
13,2,0,0,0,"4,357",5,9.6,15.1,24,11.1
14,2,0,0,0,"13,885",1.7,4.1,12.9,15.4,3.4
15,2,0,0,0,"13,860",1.4,4.1,12.4,11.7,3
16,1,1,0,0,"1,534",1.8,7.7,1.7,61.1,36.2
17,1,1,0,0,"10,224",4.3,8.2,,29.2,15.6
18,1,1,0,0,"7,468",1.1,4.9,3.4,37.6,19
19,2,0,0,0,"5,296",,1.6,11.1,7.1,1.7
20,2,0,0,0,"91,943",,4.2,13.5,16.9,4.7
21,2,0,0,0,"9,99,999",0.2,1.2,9.9,8.2,2.3
22,2,0,0,0,,,1.6,10,7.9,1.7
23,2,0,0,1,"3,241",1,3.3,10.8,15.1,2.7
24,2,0,0,1,"1,486",0.7,2.5,15.7,17.3,2.6
25,2,0,0,1,"1,377",2.6,5.4,11.4,17.9,4.2
26,2,0,0,1,"1,411",2,4.1,16.5,20.9,5.3
27,2,0,0,1,"1,609",1.7,4.4,13.7,9.4,2.6
28,3,0,0,0,"10,36,810",,0,7.9,0,0
29,3,0,0,0,"1,007",0,0,7.7,2,0.2
30,3,0,0,0,,,,17.9,,
31,3,0,0,0,,,,22,,
32,2,0,0,1,500,,3.8,6.1,28,8.8
33,2,0,0,1,"1,787",4.1,9,6.2,24.2,14
34,2,0,0,1,"2,426",,3.2,4.4,18,5.9
35,2,0,0,1,"2,125",2.2,6.8,13.9,26.5,8.4
36,2,0,0,1,"2,505",2.9,6.6,10.4,16.4,6.5
37,2,0,0,1,"36,13,423",1.1,3.2,14.1,17.8,4.9
38,3,0,0,0,"2,033",,6.8,7.5,13.9,6.3
39,3,0,0,0,673,,6.6,,13.6,7.6
40,1,1,1,0,"2,675",,17.3,0.2,70.9,66.8
41,1,1,1,0,"1,914",,17.5,0.6,63.4,61.5
42,1,1,1,0,"32,493",2.6,15.2,0.3,73.6,61.2
43,1,1,1,0,"36,997",3,16.1,0.2,71.5,60.6
44,1,1,1,0,"42,826",2.5,14,0.4,69.2,56.1
45,1,1,1,0,"63,753",3.2,16.7,0.2,67.3,58
46,1,1,1,0,"87,051",2.7,15.1,0.2,65.8,55.2
47,1,1,1,0,"81,067",2.8,15.5,0.3,63.8,54
48,1,1,1,0,"5,204",6.8,20.7,2.4,59.6,53.6
49,1,1,1,0,"49,496",2.3,15,0.2,59.3,50.7
50,1,1,1,0,"49,374",2,13.7,0.6,59.9,49.5
51,1,1,1,0,"6,007",2.5,12.5,0.9,51.1,42.4
52,1,1,1,0,"63,444",2.3,12.7,0.9,53.2,43.2
53,1,1,1,0,"53,315",2.1,12.4,1,51.4,41
54,1,1,1,0,"86,999",2.1,12.5,1,47.8,38.9
55,1,1,1,0,"6,253",3.5,14.6,0.9,50.5,42.8
56,1,1,1,0,"74,758",1.9,11.8,1,45.9,37.3
57,1,1,1,0,"24,302",1.6,11.9,0.8,45.1,37.9
58,1,1,1,0,"5,488",2.9,17.5,1.1,43.2,41.3
59,1,1,1,0,"8,170",4.1,15.7,1.9,41.3,36.7
60,1,1,1,0,"19,921",1.6,9.6,1.6,42,31.9
61,1,1,1,0,"4,029",4.9,18.1,2.6,38.7,35.1
62,1,1,1,0,"7,642",3.2,14.4,1.6,36.2,32.8
63,1,1,1,0,,1.3,8.4,2.2,30.8,21.9
64,3,0,0,2,403,2,6.8,12.2,7.7,3.5
65,2,0,0,0,"3,031",0.6,2.2,9.7,4.5,1.3
66,2,0,0,2,"8,516",,,,,5.4
67,2,0,0,2,722,0.8,1.9,13.6,22,5
68,2,0,0,2,"1,809",1.2,3.3,7.9,19.3,6.2
69,2,0,0,2,"2,426",0.5,1.8,7.3,15,4.6
70,0,1,1,0,"2,601",4.6,12.3,2.4,39.1,26.2
71,0,1,1,0,"4,158",3.1,9,3.1,36.2,19.5
72,0,1,1,0,"12,025",0.9,4.5,1.7,34,18
73,0,1,1,0,"12,832",1.1,5,1.9,32.2,16.8
74,1,1,0,1,"3,273",,5.2,3.5,60.9,34
75,1,1,0,1,"2,996",0.8,2.5,3.9,47.7,14.1
76,1,1,0,1,"2,160",1.4,4.5,5.4,34.9,10.4
77,1,1,0,1,"6,071",2,5.9,7.6,33.5,12.7
78,1,0,0,1,"1,51,481",,,,,9.8
79,1,0,0,1,"2,563",0.5,1.5,7.4,44,7.8
80,1,0,0,1,"4,90,699",,,,,9.7
81,1,0,0,1,"5,36,952",,,,,10.2
82,1,0,0,1,"6,66,872",,,,,10.5
83,1,0,0,1,"2,730",1.2,3.6,6.7,37.1,11
84,1,0,0,1,"5,993",0.7,1.6,10.7,33.2,5.9
85,1,0,0,1,"9,986",0.6,1.7,9.2,32.4,5.8
86,1,0,0,1,"8,564",0.5,1.4,8.7,27.1,4.5
87,1,0,0,1,"7,10,318",0.5,1.5,7.4,18.2,3.6
88,1,0,0,1,"5,250",0.9,2,10.1,16.1,3.4
89,2,0,0,0,"2,598",3.5,7.4,16.3,12.1,4.2
90,2,0,0,0,"3,158",1.5,4,25.7,11.8,1.6
91,2,0,0,0,"2,199",1.6,2.3,17.4,8.9,1.6
92,2,0,0,1,,,13.2,,35.1,15.1
93,2,0,0,1,"1,77,285",2.7,5.9,10.1,29.1,11.1
94,2,0,0,1,"2,639",3,7.3,10,28.9,11.8
95,2,0,0,0,"7,276",,,,19.4,5.3
96,2,0,0,0,"4,139",1,2.8,6.1,13,4.5
97,2,0,0,0,"17,107",,,,,3.7
98,2,0,0,0,"1,27,54,059",0.4,1.8,6.4,7,2.2
99,3,0,0,0,"1,126",0.4,2.9,8.3,19.7,9.6
100,2,0,0,0,315,1.3,3.2,13.6,8.8,1.6
101,2,0,0,0,,0.8,4.5,6.5,6.6,2.5
102,2,0,0,0,,2.5,6.3,6.9,7,1.9
103,0,1,1,1,"4,557",5.9,15.4,2.8,38.7,28.7
104,0,1,1,1,"3,941",5.6,15.5,1.9,41.4,30.9
105,0,1,1,1,"9,290",9.7,21.2,5.4,43.1,35.2
106,0,1,1,1,"4,321",12.1,24.4,7,40,35.9
107,0,1,1,1,"15,318",2.7,11.3,,35.1,26
108,0,1,1,1,"7,222",5.9,15.5,2.8,34.7,26.2
109,0,1,1,1,"47,337",2.2,10.4,0.7,34.6,25.1
110,0,1,1,1,"18,172",1.8,10.7,0.6,32.8,24.3
111,0,1,1,1,"15,312",1.6,8.1,0.8,31.3,20.9
112,0,1,1,1,"15,879",1.7,8.5,1.1,29,20
113,0,1,1,1,"9,684",1.4,7.5,1.2,26.8,18.9
114,0,1,1,1,"19,504",1.9,8.6,1.7,21.1,16.2
115,0,1,1,1,"23,869",1.7,8.4,1,24.9,17.7
116,0,1,1,1,"1,956",1.3,6.7,1.3,56.2,33.6
117,0,1,1,1,"2,345",1.6,8.1,1.5,64,39.1
118,0,1,1,1,"7,065",,9,,57.7,35.2
119,0,1,1,1,"3,646",1.4,6,2.9,57.6,29.1
120,0,1,1,1,"6,464",0.9,5.1,1.4,55.9,29.3
121,0,1,1,1,,1.1,5.1,,54.2,27.2
122,1,0,0,2,"9,450",,4.2,,26.8,13.7
123,1,0,0,2,"1,610",,6.9,,21.4,11.8
124,1,1,0,0,"5,773",4.5,13.4,6.5,58.6,42.6
125,1,1,0,0,"3,617",7.5,17.1,4,49,39.7
126,1,1,0,0,"3,696",1.8,8.5,1.6,42.8,28.3
127,1,1,0,0,"4,98,33,504",1.9,9.1,2,39.5,28.3
128,1,1,0,0,"4,087",2.7,11,1.9,39.8,28.9
129,1,1,0,0,"5,005",2.5,9.7,2.2,32.4,24.1
130,1,0,1,0,"2,421",1.1,4.5,4.7,31.6,12.9
131,1,0,1,0,"2,070",1.8,6.2,8.2,38.2,17.3
132,1,0,1,0,"3,867",2.3,6.2,8.7,35.6,15.1
133,1,0,1,0,"6,077",2.6,7.6,10.5,37.6,16.5
134,1,0,1,0,"6,014",2,5.7,6.5,32.6,15.2
135,1,0,1,0,"6,776",1.3,5.2,6.7,31.7,14.8
136,1,0,1,0,,1.6,4.3,11,28.9,11
137,3,0,0,0,,,,10.4,,
138,0,1,1,1,"2,448",2.6,8.7,3.7,41.5,24
139,0,1,1,1,"11,700",4.7,10.4,10.8,44.4,21.3
140,0,1,1,1,"7,775",5,12.1,8.6,43.6,26.1
141,0,1,1,1,"10,232",1.9,7.4,1.8,40.7,23.5
142,0,1,1,1,"15,458",1.6,7.4,2,39.7,24.5
143,0,1,1,1,,,6.6,,40.8,20.8
144,0,1,1,1,"5,913",6.1,16.5,2.7,44.5,34.3
145,0,1,1,1,"5,191",4.2,13.9,2.7,38.9,29.2
146,0,1,1,1,"4,871",6.5,16.2,4.2,44.4,33.8
147,0,1,1,1,"12,706",6.3,16.3,2.8,38.7,30.3
148,0,1,1,1,"11,253",4.4,13.3,2.8,39.8,29.4
149,3,0,0,0,"1,96,467",,0.7,15.4,13.5,2.2
150,3,0,0,0,"11,81,816",,0.5,10.1,4.2,0.8
151,3,0,0,0,,,0.5,10.9,3.9,0.8
152,3,0,0,0,"11,48,353",,0.5,10.7,3.7,0.7
153,3,0,0,0,"10,63,064",,0.6,11.2,3.3,0.7
154,3,0,0,0,"10,31,657",,0.5,11.9,3.1,0.7
155,3,0,0,0,"10,02,454",,0.5,12.9,2.8,0.7
156,3,0,0,0,"10,22,552",,0.5,12,2.5,0.7
157,3,0,0,0,"10,22,896",,0.5,12.1,2.5,0.6
158,3,0,0,0,"10,08,335",,0.5,12.1,2.4,0.6
159,3,0,0,0,"9,73,578",,0.5,11.7,2.2,0.6
160,3,0,0,0,"9,46,528",,0.3,9.8,2.1,0.6
161,3,0,0,0,"9,64,033",,0.3,9.5,2,0.5
162,3,0,0,0,"9,88,663",,0.3,10.1,1.8,0.5
163,3,0,0,0,"8,39,435",,0.3,9.3,1.8,0.5
164,2,0,0,0,"76,130",,4.8,,38.3,18.7
165,2,0,0,0,"4,332",1.4,4.2,5.3,32.3,12.6
166,2,0,0,0,"5,535",1.3,3.9,7.2,38,14.2
167,2,0,0,0,"2,832",1.8,5,13.6,31.2,10.7
168,2,0,0,0,"13,838",0.6,2.4,5.5,19.8,6.9
169,2,0,0,0,"16,460",0.5,2.5,3.4,17.8,7.4
170,2,0,0,0,"16,564",0.8,3,9.2,21.8,6.8
171,2,0,0,0,"15,987",0.8,2.9,5.9,11.7,4.5
172,2,0,0,0,"10,726",0.6,2.6,5.8,9.8,3.8
173,2,0,0,0,"10,635",0.7,2.6,5.7,9,3.4
174,2,0,0,0,"15,399",0.7,2.3,6.6,9.4,3.4
175,2,0,0,0,"28,840",,1.9,9.1,8.1,2.4
176,2,0,0,0,"1,317",0.3,1,4.2,26.6,8.9
177,2,0,0,0,"1,973",,3.8,,21.8,8.8
178,2,0,0,0,"4,458",0.5,1.7,4.5,19.6,6.3
179,2,0,0,0,"4,119",0.4,1,5.3,18.2,4.9
180,2,0,0,0,"12,752",0.4,1.6,4.2,16,5
181,2,0,0,0,"15,775",0.2,0.9,4.8,12.6,3.4
182,2,0,0,0,"38,22,042",0.4,1.6,5.7,12.7,3.7
183,1,1,1,2,"1,954",,5.3,,38.5,15.2
184,1,1,1,2,"1,005",4.5,10.7,5.3,40,21.1
185,1,1,1,2,"4,314",7.2,13.3,21.5,46.9,25.1
186,1,1,1,2,"3,169",4.5,11.2,10.6,31.1,16.9
187,1,0,1,0,"2,429",,6.6,1.6,30.1,16.4
188,1,0,1,0,"4,697",3,8,8.5,31.2,11.9
189,1,0,1,0,"4,648",1.7,6,3.5,24.4,11.8
190,1,0,1,0,"8,757",2.6,8.2,5.9,21.2,12.3
191,2,0,0,0,"1,97,000",,,,,2.4
192,2,0,0,0,"1,90,000",,,,,2.5
193,2,0,0,0,"1,91,000",,,,,2.2
194,2,0,0,0,"1,76,935",,,,,2
195,2,0,0,0,"1,74,000",,,,,2
196,2,0,0,0,"1,61,000",,,,,1.9
197,2,0,0,0,"1,008",,2.4,9.5,8.2,3.8
198,2,0,0,0,351,,1,8.1,5.6,1.1
199,1,0,1,0,"1,947",,10.3,,22.5,10.8
200,1,0,1,0,"3,486",2.2,8.3,2.5,34.2,20.3
201,1,0,1,0,"1,690",1.9,6.9,4.6,31.2,18.2
202,1,0,1,0,"8,482",3.1,8.4,9.1,41.3,16.5
203,1,0,1,0,854,5.4,14,4.9,39,29.4
204,1,0,1,0,"3,680",1.8,7.6,3.2,29.9,15.7
205,1,0,1,0,"8,809",1.2,6.1,1.5,21.6,12.8
206,2,0,0,2,"1,571",,2.4,,7,3.4
207,3,0,0,0,"32,345",,2.8,6.7,3.1,0.9
208,3,0,0,0,"16,469",1,4.6,4.4,2.7,2.1
209,0,0,1,0,"1,263",,20.8,,63.9,55.5
210,0,0,1,0,"4,175",,12.2,,51,24.7
211,0,0,1,0,"5,297",3.5,8.7,0.9,44.7,17.8
212,0,0,1,0,"4,795",,8.5,,43.1,20.6
213,0,0,1,0,"2,172",0.5,5.2,0,32.4,18.8
214,0,0,1,0,"8,036",0.6,4,,27.9,15.2
215,0,0,1,0,"2,271",0.5,2.5,2.3,19.1,9.3
216,0,1,1,0,"4,362",,11.4,,51,30.7
217,0,1,1,0,"9,150",6.1,15.9,6.7,44.4,30.3
218,0,1,1,0,"4,149",4.8,10.4,7,45.8,25.6
219,0,1,1,0,"10,774",2.8,8.5,4.9,43.4,24.2
220,0,1,1,0,"9,397",2.9,8.1,4.4,42.7,23.4
221,1,1,1,0,"3,750",,12.5,,28,20.2
222,1,1,1,0,,,14.9,,31.7,16
223,1,1,1,0,"1,425",9.6,19.4,8.4,27.1,24.4
224,1,1,1,0,"3,153",9.2,21.5,8.1,33.5,29.9
225,2,0,0,2,"1,794",1,3.3,3.8,20.4,8.7
226,2,0,0,2,"2,991",0.6,2.1,4.3,21.1,8.4
227,2,0,0,2,"3,565",0.6,2,6.7,13.5,4.7
228,2,0,0,2,"1,869",0.5,1.5,6.9,7.7,3.3
229,2,0,0,2,"10,666",0.8,2.2,8.6,11.6,4.2
230,2,0,0,2,"3,782",,1.9,7.4,10.5,4.6
231,2,0,0,2,"10,770",0.9,2.3,8.3,10.1,3.4
232,2,0,0,2,"3,667",0.8,2.4,7.6,7.1,4
233,2,0,0,0,"7,798",,2.3,,40.2,14.5
234,2,0,0,0,"13,68,536",0.4,2.7,2.6,27.9,10.4
235,2,0,0,0,"5,263",0.7,2,5.3,29.2,6.7
236,2,0,0,0,"14,38,765",0.5,2.1,5.2,25.9,6.8
237,2,0,0,0,"16,21,518",0.7,2.4,7.5,25.4,6.4
238,2,0,0,0,"15,23,946",0.6,1.6,8,23.9,5.1
239,1,0,0,0,"2,077",0.6,1.9,6.9,34,9.4
240,1,0,0,0,"3,614",2.3,4.5,14.9,34.9,10.5
241,1,0,0,0,"7,644",1.8,4,14.3,31.1,8.2
242,1,0,0,0,"10,226",2.3,5.7,14.6,34.8,10.8
243,1,0,0,0,"3,328",,7.5,,30.9,10.2
244,1,0,0,0,"3,997",,6.4,,26.3,9.4
245,1,0,0,0,"10,669",,,,24.4,
246,1,0,0,0,"5,940",1.8,5.2,9.2,20.2,8.7
247,1,0,0,0,"12,828",2.5,5.3,14.1,23.9,5.4
248,1,0,0,0,"10,047",3.8,7.9,20.4,30.7,6.8
249,1,0,0,0,"14,899",4.8,9.5,15.7,22.3,7
250,1,0,0,0,"2,002",0.5,2.2,3,36.7,11.1
251,1,0,0,0,"7,787",0.5,1.5,3.7,31.6,8
252,1,0,0,0,"13,788",0.4,1.5,3.9,32.3,9.7
253,1,0,0,0,"6,368",0.3,1.3,5.8,24.6,6.1
254,1,0,0,0,"6,05,724",0.5,1.6,5.7,20.8,6.7
255,1,0,0,0,"7,229",0.4,2.1,6.4,13.6,5
256,2,0,0,0,412,2.5,4,3.4,38.7,13.8
257,2,0,0,0,"2,429",4.2,9.2,14,42.7,15.7
258,2,0,0,0,"33,334",1.3,2.8,8.3,35,10.6
259,2,0,0,0,"1,094",1.7,3.1,9.7,26.2,5.6
260,0,1,1,0,,,11.8,,69.6,36.9
261,0,1,1,0,"2,371",5.1,17,1.3,47.8,39.6
262,0,1,1,0,"5,721",4.8,15,1.6,43,34.3
263,0,1,1,0,"6,634",4,14.6,2.1,52.5,39.4
264,1,0,0,1,"3,406",0.7,1.7,14.9,36.5,9.1
265,1,0,0,1,"3,029",1.2,2.9,11.1,29.2,6
266,1,0,0,1,"3,817",0.3,1.1,,40.4,7.3
267,1,0,0,1,"2,572",0.4,0.8,10.7,30.9,5.9
268,1,0,0,1,"2,641",0.4,2,9,25.5,5.8
269,0,1,1,1,"20,230",,9.2,,66.9,41.9
270,0,1,1,1,"10,901",3.8,12.4,2,57.6,42
271,0,1,1,1,"5,015",4.7,12.4,5.1,50.4,34.4
272,0,1,1,1,"11,224",2.9,9.8,1.8,44.4,29.2
273,0,1,1,1,"4,921",2.5,8.7,2.6,40.4,25.2
274,0,1,1,1,"10,552",3,10,2.9,38.4,23.6
275,0,1,1,1,,1.2,7.2,2.1,36.8,21.1
276,2,0,0,2,618,,9.8,2.2,4.3,6.9
277,2,0,0,2,818,2,6.3,5.1,7.5,5.3
278,2,0,0,0,"3,179",1.5,4.2,5.5,25.9,9
279,2,0,0,0,"3,999",1.3,3.4,7.7,17,6.4
280,0,1,1,0,"2,401",,,,36.1,23.2
281,0,1,1,0,"2,596",2.5,9.1,3,24.1,15.4
282,0,1,1,0,"6,421",1.8,7.4,2.7,27.7,15.8
283,0,1,1,0,"11,480",2.1,9.5,1.9,23.4,17.4
284,0,1,1,0,"7,218",1.6,9.5,1.1,21.1,17.9
285,0,1,1,0,"3,680",4.3,11,3.2,24.6,16.5
286,0,1,1,0,"9,779",1,6.2,1.2,19,13.9
287,0,1,1,0,"1,330",1.3,6,2.5,13.6,10.3
288,2,0,0,0,"3,434",,3.1,17.9,16.1,2.7
289,2,0,0,0,"1,924",1.1,3,20.8,14.6,2.4
290,2,0,0,0,"3,020",0.6,1.6,19.9,11.3,1.1
291,3,0,0,0,"4,667",0.1,1,3.5,1.3,1.1
292,3,0,0,0,,,0.3,3.2,1.7,0.5
293,1,0,1,0,"1,934",1.6,7,0.8,42.6,24.8
294,1,0,1,0,"1,970",3.8,10.9,2.5,41.2,25.8
295,1,0,1,0,"2,656",2.5,9.9,2.7,30.6,20.1
296,1,0,1,0,"3,356",2.8,8.4,4.5,35.5,19
297,1,0,1,0,"3,237",1.8,6,2.6,27.9,13.9
298,1,0,1,0,"2,708",2.4,8.7,5.7,28.4,14.4
299,1,0,1,0,"7,373",1.4,6.2,2.6,22.8,13.4
300,1,0,1,0,"2,911",0.7,4.7,2.6,18.8,11.2
301,1,0,1,0,,1.1,6.8,1.4,17.5,12.6
302,2,0,0,0,"2,227",0.4,1.9,2.4,66.2,27.9
303,2,0,0,0,"8,028",1.5,3.8,6.2,55.4,21.7
304,2,0,0,0,"3,762",1.4,2.9,6.9,53.1,20.3
305,2,0,0,0,"16,84,954",1.6,3.7,7.3,51,18.8
306,2,0,0,0,"5,625",0.8,1.9,5.2,54.8,18.2
307,2,0,0,0,"9,332",0.2,1,4.9,51.5,14.1
308,2,0,0,0,"12,609",0.1,0.8,4.9,46.7,12.4
309,0,1,1,0,"3,542",,14,,35.3,21.2
310,0,1,1,0,"3,098",4,9.7,4.4,31.1,20
311,0,1,1,0,"2,903",4.2,11,5.2,39.3,22.7
312,0,1,1,0,"11,781",2.8,8.3,,40,20.8
313,0,1,1,0,"7,997",1.1,5.1,3,34.4,16
314,0,1,1,0,"3,674",4.1,10,3.8,31.1,18.8
315,0,1,1,0,"7,138",2.9,8.1,4,32.4,18.3
316,0,1,1,0,"4,035",3.6,9.2,5.6,30.3,16.3
317,0,1,1,2,"4,497",4.8,11.8,5,33.8,19.8
318,0,1,1,2,"5,282",4.5,8.8,16.9,47.7,17.4
319,0,1,1,2,"12,213",1,5.9,2.8,32,18
320,0,1,1,2,"7,460",1.4,6,2.3,27.6,17
321,2,0,0,2,581,,,,,16.1
322,2,0,0,2,289,,13.3,1.9,14,10.3
323,2,0,0,2,"2,562",4.3,12.1,5.5,13.9,11.9
324,2,0,0,2,"2,267",2.6,8.3,6.8,17.9,10.8
325,2,0,0,2,"1,656",1.2,5.5,6.7,19.3,11
326,2,0,0,2,"3,134",1.7,6.4,5.3,11.3,8.2
327,0,1,1,2,"1,843",,5.9,,40.1,23.7
328,0,1,1,2,"2,914",3,9.3,4.3,37.1,23.8
329,0,1,1,2,"6,263",1.5,5.5,3.1,28.8,13.9
330,0,1,1,2,"2,905",3.3,10.2,3.9,29.6,18.9
331,0,1,1,2,"4,591",1.3,5.1,3.6,22,11.6
332,0,1,1,2,"6,646",0.8,3.7,3.4,21.9,9.5
333,1,0,0,0,"3,244",,2.3,2.7,43.3,18.1
334,1,0,0,0,"5,961",,2.1,,42.5,15.8
335,1,0,0,0,"1,875",,2.7,,45.7,16.1
336,1,0,0,0,"1,456",0.3,1.6,2.8,38.6,17.9
337,1,0,0,0,"5,663",0.2,1.3,3,35.5,12.8
338,1,0,0,0,"9,733",0.3,1.4,5.8,29.8,8.7
339,1,0,0,0,"10,254",0.3,1.4,5.2,22.6,7.1
340,1,0,1,0,"13,548",,20.3,,62.7,55.5
341,1,0,1,0,"2,948",,20,,61.9,52.8
342,1,0,1,0,"38,418",7,19.9,2.9,57.7,51.2
343,1,0,1,0,"22,959",,18.4,5.9,45.9,38.4
344,1,0,1,0,"26,403",5.7,17.1,2.9,54.2,46.3
345,1,0,1,0,"49,149",6.8,20,1.9,47.8,43.5
346,1,0,1,0,"91,273",4.6,15.1,,38.7,29.4
347,1,0,1,0,"2,30,488",7.7,20.8,2.4,37.9,36.3
348,1,0,1,0,,4.9,17.3,1.6,34.7,33.4
349,1,0,0,0,"28,169",,,,,35.9
350,1,0,0,0,"14,101",,,,,31
351,1,0,0,0,"33,742",,,,,29.8
352,1,0,0,0,"9,227",,14.9,6.5,48.1,30.3
353,1,0,0,0,"25,505",,,,,25.8
354,1,0,0,0,"78,849",,,,,22.8
355,1,0,0,0,"1,06,147",0.9,5.5,1.5,42.4,24.8
356,1,0,0,0,"96,417",0.8,5.4,1.5,41.6,23.4
357,1,0,0,0,"74,360",,,,,23
358,1,0,0,0,"77,110",,,,,23.1
359,1,0,0,0,"3,116",5.1,14.4,5.1,28.6,19.7
360,1,0,0,0,"94,652",,,,,24.4
361,1,0,0,0,"77,808",6.8,14.8,11.2,40.1,19.6
362,1,0,0,0,"18,768",5.4,12.3,12.3,39.2,18.6
363,1,0,0,0,"75,232",6.7,13.5,11.5,36.4,19.9
364,1,0,0,0,,3.5,10.2,8,30.5,17.7
365,2,0,0,0,"11,139",,8.1,5.5,24.4,13.8
366,2,0,0,0,"2,536",,6.1,6.9,20.4,9.5
367,2,0,0,0,"34,200",,4.8,,7.1,4.6
368,2,0,0,0,,1.4,4,,6.8,4.1
369,2,0,0,0,"2,565",,4.4,,27.6,10.4
370,2,0,0,0,"14,188",2.4,6.6,5.5,28.1,12.8
371,2,0,0,0,,,5.6,,33.7,10.1
372,2,0,0,0,"16,464",,6.9,,20,8
373,2,0,0,0,"16,263",2.7,5.8,15,27.5,7.1
374,2,0,0,0,"35,633",2.7,6.5,11.4,22.1,7.2
375,2,0,0,0,"16,502",0.9,3,6.1,12.6,3.9
376,2,0,0,2,860,,4.4,,12.4,6.3
377,2,0,0,2,709,1.2,5.5,2.3,11.8,5.6
378,2,0,0,2,"1,797",0.3,2.7,3.1,14.4,5.7
379,2,0,0,2,910,2.6,4.4,4.6,12.6,6.1
380,2,0,0,2,951,0.9,3,6.2,12.1,4.6
381,2,0,0,2,976,0.8,4.8,5.9,9.7,4.8
382,2,0,0,2,980,0.1,2.5,3.8,11.2,5.6
383,2,0,0,2,918,0.3,2.2,5.5,8.7,3.5
384,2,0,0,2,"2,321",0.9,2.6,4.3,9.5,3.8
385,2,0,0,2,736,0.9,2.4,6.3,5.7,2.1
386,2,0,0,2,732,1.5,3,7.3,7.2,3.9
387,2,0,0,2,582,1,3.2,5.8,6.6,4
388,2,0,0,2,"3,251",0.7,2.4,8.5,8.2,2.7
389,2,0,0,2,793,1.1,4.5,7.5,4.9,3.1
390,2,0,0,2,615,0.9,3.7,6.1,7.5,4.8
391,2,0,0,2,665,1.2,2.7,8.7,5.4,1.8
392,2,0,0,2,"1,581",0.3,2.5,7.8,6.9,2.4
393,2,0,0,2,592,1.5,4.8,4.1,6,3.4
394,2,0,0,2,"1,740",0.8,3,7.8,6.8,2.7
395,2,0,0,2,584,0.5,3.6,8.3,6,2.2
396,3,0,0,0,"6,643",0.2,2.3,1.5,7.1,3.4
397,2,0,0,0,"6,762",1.5,4,8.5,20,5.1
398,2,0,0,0,"5,651",0.6,2.4,4.3,11.1,3.8
399,2,0,0,0,"4,762",0.8,2.5,4.5,11.7,3.7
400,2,0,0,0,"4,118",0.2,1.6,6.6,8.2,1.9
401,2,0,0,0,"5,924",0.7,2.4,4.7,7.8,3
402,2,0,0,1,729,1.8,6.4,4.1,23.3,4.4
403,2,0,0,1,624,1,2.5,4.9,13.2,3.8
404,2,0,0,1,"4,400",2.3,4.9,16.9,17.5,4.9
405,2,0,0,1,"5,015",1.7,4.1,13.3,13.1,3.7
406,2,0,0,1,"5,304",1.1,3.1,9.3,8,2
407,1,0,1,0,"6,957",,5.5,,37,
408,1,0,1,0,"5,006",2.6,7.1,5.8,40.2,19.4
409,1,0,1,0,"37,12,355",2.4,6.8,5.1,41.1,17.9
410,1,0,1,0,"3,050",3.1,7.2,5.8,37.4,17.5
411,1,0,1,0,"6,418",2.9,7.4,8.1,40.8,17.1
412,1,0,1,0,"5,544",2.4,6.2,5.8,35.8,16.4
413,1,0,1,0,"38,18,246",2.4,6.9,7.9,40.3,18
414,1,0,1,0,"5,705",2.1,6.9,5,35.5,16.5
415,1,0,1,0,"19,250",1,4.2,4.1,26.2,11.2
416,1,1,0,2,"2,941",,12.6,15.9,34.4,11.3
417,1,1,0,2,"1,044",,,,,15.1
418,3,0,0,0,"12,376",,1.7,8.9,5,1.5
419,3,0,0,0,"4,878",0.4,2.2,11,4,2.2
420,3,0,0,0,"3,842",0.5,2.2,6.6,3.6,2.1
421,3,0,0,0,"4,308",0.7,2.6,6.8,3.9,2.3
422,3,0,0,0,"4,381",1.1,3.4,7.1,4.1,2.8
423,3,0,0,0,"5,601",1,3.3,7.5,4.5,2.7
424,3,0,0,0,"3,422",0.6,2.8,8.7,4.6,2.7
425,3,0,0,0,"3,949",0.8,3.6,8.5,5.1,2.9
426,3,0,0,0,"4,199",0.5,2.2,9.3,5.1,2.3
427,3,0,0,0,"4,099",0.3,1.8,9,3.8,1.7
428,3,0,0,0,"4,062",0.6,2.4,7.8,4.1,1.7
429,3,0,0,0,"4,200",0.4,1.7,8.3,4,2.1
430,3,0,0,0,"3,860",0.6,2.4,9.5,4.3,2.2
431,3,0,0,0,"3,571",0.7,2.7,7.8,4.8,3.1
432,3,0,0,0,"2,864",0.6,2.4,8.7,5.8,3
433,3,0,0,0,"3,571",,3.1,6,4.9,
434,3,0,0,0,,,2.4,6.8,5.9,
435,3,0,0,0,,,2.5,5.5,6.4,
436,1,0,1,1,"1,034",0.8,2.9,8.1,36.2,10.4
437,1,0,1,1,"2,944",1,3.4,10.7,18.1,2.7
438,1,0,1,1,"1,743",0.3,1.3,4.4,22.6,4.7
439,1,0,1,1,"4,421",1.3,2.8,8.9,17.9,3.8
440,1,0,1,1,"4,441",0.8,2.8,7,12.9,2.8
441,1,0,1,1,"3,440",0.7,2,6.9,11.8,1.8
442,1,1,0,1,"1,365",,11.8,,53.6,39.8
443,1,1,0,1,"2,950",,12.3,,52.9,35.9
444,1,1,0,1,"1,421",7.5,17.5,2.7,47.5,35.6
445,1,1,0,1,"3,992",1.7,7.4,1.3,47.7,31.6
446,1,1,0,1,"10,814",1.4,5.9,2,44.2,26.6
447,1,1,0,1,"29,999",2.4,9.7,2.5,35.5,25.5
448,1,1,0,1,"11,555",3,9,3.5,33.1,21.1
449,2,0,0,0,"1,824",1.6,3.6,20.8,17.2,3.5
450,2,0,0,0,"1,128",2.9,6.6,16.7,16.5,4.2
451,1,1,1,1,"4,687",,3.2,,39.2,13.8
452,1,1,1,1,449,,22.4,,37.5,18.9
453,1,1,1,1,"3,530",3,6.8,21,52.7,14.9
454,1,1,1,1,"1,754",2.2,5.6,6.7,44.7,16.6
455,1,1,1,1,"2,138",1.5,3.8,7.3,39.3,13.4
456,1,1,1,1,"1,914",0.6,2.8,7.5,33.4,10.5
457,1,1,1,1,"3,171",0.8,2.1,6.6,34.6,10.5
458,0,1,1,0,"46,034",2.2,7.4,4.6,45.3,22.8
459,0,1,1,0,"5,441",3,7.9,4.2,39.6,20.4
460,0,1,1,0,"6,395",1,4,2.7,39,16.6
461,0,1,1,0,"3,625",2,5.6,3.2,32.1,15.3
462,0,1,1,0,"5,925",0.7,4.3,2.7,30.1,13.6
463,2,0,0,0,"4,681",1.5,3.6,13.4,21.1,4.2
464,2,0,0,0,"10,723",2.9,6.5,22.4,21,5.6
465,2,0,0,0,,5.3,10.2,29.6,38.1,11.7
466,0,1,1,0,"4,319",1.2,6.4,1.6,60.5,35.2
467,0,1,1,0,"3,131",,16.4,,54.1,40.9
468,0,1,1,0,"5,049",,9,,55.2,30.4
469,0,1,1,0,"3,331",2.5,8.9,2.2,58.2,38
470,0,1,1,0,"5,766",5.6,15.1,6.2,52.7,36.7
471,0,1,1,0,-,,,,49.4,
472,0,1,1,0,"10,835",0.9,7.5,1.1,48.9,32.6
473,0,1,1,0,"12,481",1,6.4,1.4,41.6,26.4
474,0,1,1,1,"3,419",2.1,6.6,9.8,55.4,24.4
475,0,1,1,1,"3,654",,8.5,,53.8,26.5
476,0,1,1,1,"10,38,651",4.1,8.7,17.3,62.3,24.5
477,0,1,1,1,"10,728",2.9,6.8,8.8,54.7,21.5
478,0,1,1,1,"16,82,992",2.5,6.3,10,58.3,21.7
479,0,1,1,1,"9,440",3.2,6.3,10.2,52.5,18.6
480,0,1,1,1,"22,348",1.5,4.2,11.3,53.1,15.6
481,0,1,1,1,981,,1.8,4.9,48.8,12.1
482,0,1,1,1,"5,167",1.5,4,9,47.3,13.9
483,0,1,1,1,"18,523",1.1,3.8,5.1,42.4,16.7
484,0,1,1,1,"5,786",0.6,2.8,4.6,37.4,11.8
485,0,1,1,1,"3,621",0.6,3.9,1.5,38.3,15
486,0,1,1,1,"2,785",0.4,2.4,2.3,44.2,15.8
487,0,1,1,1,,0.3,2.2,,,11.2
488,0,1,1,1,"3,216",0.1,1.3,2.5,39,11.8
489,2,0,0,0,"3,16,306",,,,,22.1
490,2,0,0,0,"3,23,299",,,,,23.1
491,2,0,0,0,"3,25,469",,,,,22.6
492,2,0,0,0,"3,13,246",,,,,20.5
493,2,0,0,0,"3,17,551",,,,,19.7
494,2,0,0,0,"3,44,736",,,,,17.7
495,2,0,0,0,"5,108",,15.3,5.5,20.7,16.7
496,2,0,0,0,"5,546",,,,17.2,12.9
497,2,0,0,0,"2,486",,8,7.1,17.7,12.4
498,2,0,0,0,,,11.5,6,20.7,13.7
499,2,0,0,2,"1,995",3.5,16.1,1.2,36.1,32.5
500,2,0,0,2,798,,18.9,2.2,33,39
501,2,0,0,2,"1,486",9.2,19.9,9.8,43,36.7
502,2,0,0,2,746,3.5,13.4,3.9,31.9,25.7
503,2,0,0,2,"2,840",2.7,10.6,6.2,19,17.7
504,0,1,1,1,"1,525",3.2,11.3,0.5,35.8,28.6
505,0,1,1,1,"4,987",9.8,22,2.3,39.9,37.7
506,0,1,1,1,"10,568",4.2,12.6,3.1,42.5,30
507,0,1,1,1,"12,602",6.1,15.4,4.6,37.6,27.9
508,0,1,1,1,"22,931",1.9,8.9,1,27.8,18.9
509,0,1,1,1,"14,941",3.4,13.5,1.9,30.4,25
510,0,1,1,1,"9,743",2.6,9,2,26.9,18.6
511,2,0,0,2,876,1.1,3.5,4.1,34.8,11.9
512,1,1,1,0,931,,19.1,,40.2,
513,1,1,1,0,"4,294",8,17.4,6.8,54.6,43.1
514,1,1,1,0,"3,733",,8.7,,49.8,20.3
515,1,1,1,0,"3,824",7.2,15.3,3.8,38.6,29.7
516,1,1,1,0,"8,107",3.8,13.6,2.3,31.5,25.5
517,1,1,1,0,"5,58,861",1.1,8.1,1,23.6,16.5
518,1,1,1,0,"8,520",4,13.9,3.2,29.7,24.4
519,1,1,1,0,"6,573",1.9,11.7,1.2,23,20.2
520,1,1,1,0,"9,926",3.5,14.8,1.3,27.9,24.9
521,1,1,1,0,"13,620",2.3,11.5,1.5,22.8,19.2
522,2,0,0,2,"2,430",,18.3,8.8,27.3,21.1
523,2,0,0,2,"1,537",,15.7,6.5,13.6,13
524,2,0,0,0,"7,422",,7.4,6.1,28.7,12.4
525,2,0,0,0,"14,932",1.7,6.1,11,26,9.6
526,2,0,0,0,"31,601",,8.5,,25.8,10.3
527,2,0,0,0,"1,01,25,945",0.7,2,7.5,21.4,5.6
528,2,0,0,0,"94,00,075",0.4,2,7.5,15.5,3.4
529,2,0,0,0,"1,07,47,724",0.4,1.6,9,13.6,2.8
530,2,0,0,0,"7,806",0.4,1,5.2,12.4,3.9
531,2,0,0,0,"1,10,93,877",0.3,2,5.3,10,4.2
532,1,0,0,1,"1,679",,2.4,,33.1,11.8
533,1,0,0,1,"4,146",1.9,4.3,7,30.1,10.8
534,1,0,0,1,"5,918",3,7.1,12.7,29.8,11.6
535,1,0,0,1,"1,247",0.1,0.6,6.1,23.5,4.8
536,1,0,0,1,"3,357",1.1,2.7,14.2,27.5,5.3
537,1,0,0,1,"2,13,90,978",0.5,1.8,6.7,15.5,4.7
538,1,0,0,1,"5,744",0.4,1,10.5,10.8,1.6
539,1,0,0,1,"2,243",0.4,1.2,11.7,7.3,0.8
540,1,0,0,1,"5,957",0.3,0.9,10.5,9.4,1.8
541,2,0,0,0,891,2.2,4.2,15.7,7.9,2.2
542,2,0,0,0,"1,392",1.2,2.8,22.3,9.4,1
543,1,0,0,0,"4,404",1.5,3.9,5.6,31,10.4
544,1,0,0,0,"4,649",1.1,2.6,10.8,30.1,8.1
545,1,0,0,0,"3,653",2,4.7,13.7,28.9,7.7
546,1,0,0,0,"5,602",5,10.8,13.4,23.1,9.8
547,1,0,0,0,"6,873",1,2.3,10.8,14.9,2.9
548,1,0,0,0,"6,076",1.1,2.6,10.9,15.1,2.6
549,0,1,1,0,"4,586",,9.6,,59.9,23.9
550,0,1,1,0,"3,621",4.3,9.8,5.9,48.7,26.3
551,0,1,1,0,"18,68,604",3.6,8.1,8.8,50.7,24.5
552,0,1,1,0,"9,052",2.1,5.4,6.3,46.9,21.2
553,0,1,1,0,"10,691",1.3,4.2,3.6,43.5,18.2
554,0,1,1,0,"10,696",2.4,6.1,7.8,42.9,15.6
555,0,1,1,0,"37,39,713",1.7,4.4,7,42.3,15.6
556,1,1,0,0,"5,899",,,,,32.5
557,1,1,0,0,"5,540",,12.7,,53.6,37
558,1,1,0,0,"5,994",,9.2,,58.7,31.2
559,1,1,0,0,"19,908",,,,,38.7
560,1,1,0,0,"4,894",,9.6,9.7,55.4,28.1
561,1,1,0,0,"8,492",2.9,10.7,2.4,40.8,30
562,1,1,0,0,"5,874",3.7,11.7,6.9,42.7,29.2
563,1,1,0,0,"15,430",2.1,7.9,2.6,35.1,22.6
564,1,1,0,0,"4,204",1.3,6.6,1.5,29.4,18.5
565,2,0,0,0,"2,553",3.2,9.6,4.5,35.6,21.4
566,2,0,0,0,"4,273",3,10,3.3,29.3,20.2
567,2,0,0,0,"5,151",2,7.6,4.7,29.2,17.4
568,2,0,0,0,"2,610",2.8,7.1,4,22.7,13.2
569,2,0,0,2,267,0.2,1,2.8,24,4.8
570,0,1,1,1,"6,781",,6,,68.2,42.6
571,0,1,1,1,"3,972",2.8,12.6,0.7,65.7,47.1
572,0,1,1,1,"17,471",1.4,7.9,0.4,61.1,38.2
573,0,1,1,1,"6,356",2.8,11.3,0.7,57.1,42.8
574,0,1,1,1,"5,195",2.7,12.7,0.6,49.2,38.5
575,0,1,1,1,"2,521",2.9,11.2,1.5,40.5,29.1
576,0,1,1,1,"5,155",3.2,11.3,2.1,37.5,30.1
577,0,1,1,1,"2,477",1.9,9.6,1.2,36,27.2
578,1,0,1,0,"3,609",0.9,2.5,5.5,29.6,9.6
579,1,0,1,0,"6,837",1.5,3.4,6.9,30.5,10.3
580,1,0,1,0,"5,741",0.9,2.3,7.2,25.1,7.7
581,1,0,1,0,"1,494",0,0.3,5.2,18.8,4.3
582,1,0,1,0,"12,318",0.5,1.5,6.2,23.1,5.7
583,1,0,1,0,"10,311",0.7,2.2,8.3,17.3,4.6
584,0,1,1,1,"1,672",,25.3,,43.8,45
585,0,1,1,1,"4,284",6.7,18.8,2,45.3,38.7
586,0,1,1,1,"4,204",6.5,19.8,1.1,50.7,46.9
587,0,1,1,1,"4,831",6.1,16.2,1.7,53.5,43.1
588,0,1,1,1,"4,389",4.3,12.5,3.5,54.8,39.9
589,0,1,1,1,"5,822",6.7,18.2,3.1,43.5,38
590,0,1,1,1,,2.7,13.4,0.8,39.9,32.1
591,0,1,1,1,,2.5,12.4,0.4,42.5,33.1
592,0,1,1,1,,2.7,14.2,0.5,42.2,34.6
593,0,1,1,1,"32,30,436",2.1,10.4,1.1,41.3,32
594,0,1,1,1,,3,14.1,1,48.5,37.5
595,1,0,0,0,"5,854",4.4,11.7,3.3,48.7,33.1
596,1,0,0,0,"2,664",,20.6,5.5,43.8,35.1
597,1,0,0,0,"5,219",4.7,11.2,6.3,42.5,26.7
598,1,0,0,0,"13,323",6.6,13.4,13.3,39.2,23.3
599,1,0,0,0,"23,792",7.7,14.5,10.4,40.6,26.7
600,1,0,0,0,"24,169",3.1,10.2,3,35.8,24.2
601,1,0,0,0,"28,947",9,18.1,5,36.5,31
602,1,0,0,0,"19,949",1.8,7.9,1.8,33.6,20.6
603,1,0,0,0,"17,731",1.8,7.3,1.6,33,19.5
604,1,0,0,0,"27,398",2.9,10.8,1.5,43.6,31.5
605,1,0,0,0,"12,695",1.8,6.8,2.1,36.8,21.8
606,2,0,0,1,"1,117",0.4,1.7,9.6,8,1.9
607,2,0,0,1,"4,223",1.3,3.4,16.2,11.3,1.8
608,2,0,0,1,"1,332",0.2,1.8,12.4,4.9,1.3
609,3,0,0,0,764,,7.8,8.4,24.2,18.6
610,3,0,0,0,639,0.8,7.2,1,21.1,10.4
611,3,0,0,0,"13,961",1.3,7.8,1.6,15.8,13
612,3,0,0,0,"8,105",0.8,7.1,1.7,9.8,8.6
613,3,0,0,0,,2.4,7.5,4.4,14.1,9.7
614,3,0,0,0,,3.1,9.3,4.2,11.4,11.2
615,1,0,0,0,"6,707",,24,7.8,62.5,44.4
616,1,0,0,0,"4,588",4.8,12.5,5.4,54.5,39
617,1,0,0,0,"3,240",5,17.2,1.6,42.7,35.3
618,1,0,0,0,"7,368",,,,,34.2
619,1,0,0,0,"10,027",5.8,14.1,4.8,41.4,31.2
620,1,0,0,0,"29,525",5.7,14.8,6.4,43,30.9
621,1,0,0,0,"3,838",3.3,10.5,4.8,45,31.8
622,1,0,0,0,"3,622",2.4,7.1,2.5,37.6,23.1
623,3,0,0,0,"2,76,729",0.3,1.3,6.4,16.8,5
624,3,0,0,0,"3,13,165",0.4,1.6,11.1,23.7,5.3
625,3,0,0,0,"2,88,853",0.3,1.2,9.7,19,3.9
626,1,0,0,2,"27,510",1.2,5.5,3.1,46,22.8
627,1,0,0,2,924,0.8,4.4,3.4,43.9,18.1
628,1,0,0,2,"9,45,911",6.4,14.1,13.7,49.5,27.8
629,2,0,0,1,"3,450",0.2,0.6,6.3,18.3,2.8
630,2,0,0,1,"4,83,612",,1.1,7.1,17.5,3.4
631,2,0,0,1,"5,58,648",0.4,2.6,11.3,10.7,2.6
632,2,0,0,1,"4,428",0.4,1,12.4,5.6,1.3
633,2,0,0,0,"7,205",0.6,1.9,9.3,37.3,8.8
634,2,0,0,0,"13,829",0.7,1.6,9.9,31.6,5.7
635,2,0,0,0,"10,710",0.4,1.1,11.8,31.3,5.2
636,2,0,0,0,"1,912",0.1,1,9.1,29.2,5.4
637,2,0,0,0,"7,911",0.2,0.8,10,28,4.3
638,2,0,0,0,"9,180",0.2,0.6,10.3,23.9,4.3
639,2,0,0,0,"8,726",0.1,0.7,8,23.3,4.3
640,2,0,0,0,"8,869",0.1,0.4,8.8,19.5,4.2
641,2,0,0,0,"9,190",0.1,0.6,7.2,18.4,3.4
642,2,0,0,0,"8,316",0.2,0.4,8.4,17.7,3.6
643,2,0,0,0,"9,164",0.1,0.6,8.8,14.8,3.2
644,2,0,0,0,"11,141",0.1,0.6,8.2,14.7,3.4
645,2,0,0,0,"10,586",0.1,0.6,7.7,13.1,3.2
646,2,0,0,0,"9,362",0.1,0.5,8,12.9,3.2
647,2,0,0,0,"8,894",0.1,0.5,8.6,12.2,2.6
648,1,0,0,0,"2,250",,5.7,,44.7,29.3
649,1,0,0,0,"5,629",,6.9,,43.3,29.9
650,1,0,0,0,"5,858",,8.8,1.7,40.9,29.8
651,1,0,0,0,"4,229",,9.1,,38.9,26.3
652,1,0,0,0,"24,308",,8,1.9,38.3,28.3
653,1,0,0,0,"3,499",1.6,6,2.4,33.8,20.7
654,1,0,0,0,"18,403",2,6.9,3.3,32.3,20.7
655,1,0,0,0,"6,05,19,772",2,7,3.7,33.4,20.2
656,1,0,0,0,"1,02,43,911",2.4,7.6,4.5,30,19.9
657,1,0,0,0,"1,04,32,478",1.6,6.8,3.3,33.1,21.4
658,1,0,0,0,,,5.6,4,30.3,19.1
659,3,0,0,0,,,,,2.9,
660,3,0,0,0,,,,,2.6,
661,3,0,0,0,"1,180",,2.1,10.4,11.6,4.8
662,3,0,0,0,"2,040",0.2,0.9,6.2,2.5,0.9
663,3,0,0,0,"17,83,845",0.1,1.2,7.3,2.5,0.7
664,1,0,0,1,"1,581",2.4,5.8,8.9,10.7,3.2
665,1,0,0,1,"1,724",0.5,1.9,4.9,6.4,2.2
666,2,0,0,0,"10,957",,3.3,4,11.2,5
667,2,0,0,0,"21,103",0.8,3.6,10.1,15.3,3.4
668,2,0,0,0,"22,225",1.1,4.3,8.9,12.8,3.7
669,2,0,0,0,"22,667",1,3.9,9.1,14,3.8
670,2,0,0,0,"15,533",0.7,3.5,8.3,12.8,3.5
671,0,1,1,1,"4,498",1.8,5,4,56.8,24.2
672,0,1,1,1,"1,115",,11,,45.4,22.6
673,0,1,1,1,"6,793",3.8,8.7,7.1,47.9,20.3
674,0,1,1,1,"3,999",1.7,4.9,6.7,51.4,17.9
675,0,1,1,1,,1.6,4.6,,52,15.8
676,0,1,1,1,"4,408",0.9,2.9,6.9,44.3,11.7
677,0,1,1,1,"4,457",0.5,2.4,6,43.8,12
678,0,1,1,1,"3,881",0.7,2.3,7.9,38.3,9.6
679,0,1,1,1,"4,051",0.4,2,5.6,36.9,8.9
680,2,0,0,2,283,0.7,3.7,6.3,2.5,2.8
681,2,0,0,2,"1,107",,1.3,6.2,6.4,1.7
682,2,0,0,2,"2,961",1.3,3.9,5.3,4.9,3.2
683,1,1,1,2,"2,155",,6,,32,14.5
684,1,1,1,2,"1,737",1.2,3.9,9.3,35.5,10.2
685,1,1,1,2,"2,848",,9.6,15.4,28.9,8
686,1,1,1,2,"1,751",5,11.6,11.1,30.8,14.8
687,1,1,1,2,"1,939",0.8,4,2.4,17.2,8.8
688,3,0,0,0,"23,821",,2.9,1.2,21.4,13.5
689,3,0,0,0,"15,601",4.5,11.8,6.1,9.3,5.3
690,1,1,1,0,630,1.2,5.1,2.3,26.5,17
691,1,1,1,0,,,9,4,34.4,20.4
692,1,1,1,0,"4,047",3,9.4,4,29.8,19
693,1,1,1,0,,,8.2,,28.8,19.6
694,1,1,1,0,"10,98,683",2.9,10,3.2,26,17.8
695,1,1,1,0,"3,010",2.3,8.7,2.5,19.9,14.5
696,1,1,1,0,"3,925",2.3,9.8,2.7,26.7,18.4
697,1,1,1,0,"27,528",1.2,8.7,0.7,15.5,14.4
698,1,1,1,0,"5,961",1.9,9,1.4,18.8,16.7
699,1,1,1,0,"5,978",0.7,5.9,1.3,18.8,12.8
700,1,1,1,0,"6,097",1.5,7.8,1,20.7,16.1
701,1,1,1,0,"5,750",1.2,7.1,0.9,17.1,13.8
702,1,1,1,0,"10,911",1.5,9,0.9,16.5,14.4
703,1,1,1,0,"9,358",2.2,8.1,2.6,18.8,13.3
704,2,0,0,0,"3,525",1.8,4.5,19.3,8.1,1.8
705,2,0,0,0,"3,004",0.8,3.5,15.6,6.6,1.6
706,2,0,0,0,"2,353",1.1,3.9,13.9,6,1.8
707,3,0,0,2,836,,2.7,5.8,7.7,5
708,3,0,0,2,"5,283",1.2,4.3,10.2,7.9,3.6
709,0,1,1,0,"4,424",,8.4,,41.4,23.7
710,0,1,1,0,"4,595",,10.2,,40.9,25.4
711,0,1,1,0,"1,977",3.9,11.6,4.8,35.5,23.4
712,0,1,1,0,"4,428",4.2,10.2,5.9,45,27.2
713,0,1,1,0,"3,052",4.6,10.5,10.1,37.2,21.5
714,0,1,1,0,"8,100",3.2,8.5,9.6,44.4,21.7
715,0,1,1,0,"5,776",4.3,9.4,8.8,37.8,18.2
716,0,1,1,0,"11,637",2.3,6.8,4.2,31,15.6
717,0,1,1,0,"11,299",1,5.1,2,29.3,13.6
718,0,1,1,0,,1.1,5.4,4.5,29.5,13.6
719,3,0,0,2,"16,220",0.5,3.6,2.6,4.4,3.3
720,1,1,1,2,"3,980",2,7.4,1.9,33.7,16.3
721,1,1,1,2,"2,029",1.4,4.3,2.5,32.8,11.5
722,1,1,1,2,"3,767",3.6,8.5,4.5,31.7,16.2
723,0,1,1,0,"3,582",,19.3,,29.2,22.8
724,0,1,1,0,"5,696",4.4,13.3,4.7,42,32.8
725,0,1,1,0,"1,137",4.3,14.3,3,25.3,22.5
726,2,0,0,0,"4,089",4.2,9.1,13.6,29.7,14.9
727,2,0,0,0,"9,807",,3.3,10.3,28.7,8
728,2,0,0,0,"1,556",,4.5,10.4,30.1,9.8
729,2,0,0,0,"4,652",4.3,7.8,17.2,35.5,12.1
730,2,0,0,0,"31,51,438",2.4,4.8,13.3,24.9,8.8
731,2,0,0,0,"48,92,568",3.1,5.6,17.2,27.2,8.5
732,2,0,0,0,"1,416",0.6,2.5,13.3,27.4,5.9
733,0,1,1,1,"13,29,786",12.9,24.6,10.9,36.2,32.5
734,0,1,1,1,"6,378",9.9,22.7,6,31.3,27.7
735,2,0,0,0,"1,974",1.6,14.9,0.3,32.3,32.8
736,2,0,0,0,"3,067",,17.5,,29.7,33.8
737,2,0,0,0,"2,782",,15.3,,26.1,29.3
738,2,0,0,0,"2,513",2.4,15.5,1,18.4,22.8
739,2,0,0,0,"6,648",2.8,14.7,1.6,17.3,21.1
740,2,0,0,0,"2,589",1.9,11.8,0.8,19.2,21.6
741,2,0,0,0,"7,306",3,21.3,0.6,14.6,26.1
742,2,0,0,0,"7,908",3,15.1,2,17.3,20.5
743,1,0,0,0,"4,451",,3.6,4,10.6,3.6
744,1,0,0,0,936,,9.4,,16.1,
745,1,0,0,0,"5,342",1.4,3.1,9,10.7,3.3
746,1,0,0,0,"9,359",0.7,1.8,11.4,13.6,2.6
747,1,0,0,0,"9,157",1,3.3,5.3,10.9,3.7
748,1,0,0,0,"7,222",0.3,1.2,8.2,7.4,1.4
749,1,1,1,0,"41,51,294",5.7,14.5,4.2,38.3,27
750,1,1,1,0,"12,188",4.1,15.4,1.5,34.1,29.8
751,1,1,1,0,"11,712",4.5,16.3,3,38.2,33
752,2,0,0,2,"1,768",2,7,2.9,14.1,11.1
753,2,0,0,2,"1,981",1,4.9,4,10.6,7.5
754,2,0,0,2,"2,870",0.8,5,4,8.8,5.8
755,0,0,1,0,"4,154",4.5,10,15,32.8,11.5
756,0,0,1,0,"2,425",,10.4,,26.5,11.3
757,0,0,1,0,"6,262",,4.9,,24.3,6
758,0,0,1,0,"6,367",5.4,10.3,19.7,31.1,11.1
759,0,0,1,0,"10,595",4.8,10.3,18.7,28.7,10
760,0,0,1,0,"14,335",5.5,11.5,17.9,27.9,10.4
761,0,0,1,1,"3,599",,11.4,,41.5,
762,0,0,1,1,"5,657",,9.4,,42.1,
763,0,0,1,1,"3,704",,19.4,,43.2,
764,0,0,1,1,"4,543",,6.1,,37.1,
765,0,0,1,1,"4,654",,5.9,,42.4,
766,0,0,1,1,"4,219",3.5,8.7,6.8,33.1,14.9
767,0,0,1,1,"51,48,057",3,6.9,12,39.3,15.1
768,0,0,1,1,"75,16,356",1.3,4.3,4.2,28.8,8.3
769,0,0,1,1,"5,348",4.1,9.9,6.7,26.9,13.3
770,0,0,1,1,,1.2,3.6,3.7,19.6,6.4
771,0,0,1,1,"6,716",1.8,5.6,3.3,17.5,7.6
772,2,0,0,0,"1,843",0.9,5.7,1.3,24.6,20.2
773,2,0,0,0,"11,748",,7.3,,21.1,16.3
774,2,0,0,0,"4,178",,6.7,4.7,18.1,15.4
775,2,0,0,0,"47,11,296",1.4,4.7,8,15.7,7
776,2,0,0,0,"9,203",2.2,6.7,10.9,16.4,9.2
777,2,0,0,0,"11,189",1.4,5.4,8.2,10.5,6.7
778,1,1,0,2,"4,133",4.9,13.7,5.7,55.7,40.6
779,1,1,0,2,"5,255",,14.3,,54.8,41.5
780,1,1,0,2,"1,45,253",4.5,21.3,1.5,57.2,49.5
781,1,1,0,2,"9,114",7.6,18.9,5.8,57.5,44.9
782,1,1,0,2,"14,51,858",2.1,9.9,1.6,51.7,37.5
783,0,1,1,0,"1,667",1.4,5.9,2.9,40.7,21.7
784,0,1,1,0,"3,761",,,,40.2,16.7
785,0,1,1,0,"3,603",3.6,12.4,2.3,33.2,23.8
786,0,1,1,0,"3,595",6.3,15.5,4.8,29.9,23.3
787,0,1,1,0,"3,204",0.7,6,,26.9,20.5
788,0,1,1,0,"4,625",1,4.8,1.6,29.8,16.6
789,0,1,1,0,,0.7,5.5,1.7,26.2,16.5
790,0,1,1,0,"3,325",1.5,6.6,2,27.6,16.1
791,0,1,1,0,,1.1,5,1.5,23.8,15.2
792,2,0,0,2,"1,094",,1.3,,2.2,
793,2,0,0,2,"1,394",2.1,5.2,17.3,8.1,1.9
794,3,0,0,2,826,1.2,4.8,3.5,6.3,6.2
795,3,0,0,2,761,0.9,5.2,5,5.3,4.3
796,3,0,0,2,"1,095",2.1,6.4,11.4,9.2,4.9
797,1,0,0,0,"2,015",0.6,3.1,3.7,18.5,7.9
798,1,0,0,0,891,,7.2,1.4,11.9,3.3
799,1,0,0,0,"10,553",,2.9,,16.8,3.5
800,1,0,0,0,"2,842",1.2,3.4,8.8,9,3.3
801,1,0,0,0,"2,677",1.7,2.8,14.3,10.1,2.3
802,1,0,0,0,"3,340",0.9,2.1,17.2,8.4,1.6
803,2,0,0,0,"3,255",1,3.9,4.9,23.6,8.7
804,2,0,0,0,"2,871",,,,,9
805,2,0,0,0,"2,867",0.8,3,3.8,18.8,7
806,2,0,0,0,"3,772",0.4,1.1,8.8,15.2,3.5
807,2,0,0,0,"2,694",0.3,1,9.8,12.5,1.9
808,2,0,0,0,"2,651",0.5,1.9,11.1,10,2.3
809,2,0,0,0,,,1.7,8.1,6,1.5
810,2,0,0,1,"2,928",,7.1,,28.1,10.5
811,2,0,0,1,"2,040",2.1,7.2,4.5,18.9,9.2
812,2,0,0,1,"3,718",1.1,4.2,5.9,11.5,3.2
813,2,1,0,2,430,0.9,3.3,6.3,10,1.6
814,0,1,1,1,"3,819",0.9,3.1,3.6,47.7,19.7
815,0,1,1,1,"5,012",2,5.9,5,45.7,20.8
816,0,1,1,1,"6,315",1.5,5,4.9,44.9,19.2
817,0,1,1,1,"2,742",2.2,6.2,4.9,38.4,16.3
818,0,1,1,1,,1.4,4.4,3.2,38.2,15.7
819,0,1,1,1,"2,395",1.5,4.6,3.8,33.5,14.1
820,0,1,1,1,"29,47,915",0.3,4.2,5.8,33.7,11.9
821,0,1,1,1,,0.9,3.8,3.6,34,11.7
822,0,1,1,1,"5,136",1.3,3.5,3.7,28.9,10.4
823,1,0,0,0,"4,247",3.8,8.2,26.5,22.9,4.1
824,0,1,1,0,"6,400",2.8,7.8,5.8,49.9,24.8
825,0,1,1,0,"5,561",2.9,8.5,4.6,49.6,26.8
826,0,1,1,0,"2,648",2,5.6,3.3,48.3,25.3
827,0,1,1,0,"8,168",1,3.5,4.9,44.4,16.7
828,0,1,1,0,"52,11,951",0.8,2.9,4.7,43.2,16.4
829,0,1,1,0,"7,676",1.3,4.9,5.4,42.1,16.1
830,0,1,1,0,"64,97,375",1.7,6.2,5.1,35,14.1
831,0,1,1,0,"63,52,019",1.5,4.4,5.1,37.4,13.1
832,0,1,1,0,"16,867",0.9,3.8,,34.7,13.4
833,0,1,1,0,"9,886",1.2,4.5,3.7,34.5,13.7
834,0,1,1,0,,0.4,3.5,2.8,31.8,14.6
835,3,0,0,0,"6,662",0.1,0.7,5.4,3.2,0.9
836,3,0,0,0,"2,666",0,0.4,7,3.3,1.1
837,3,0,0,0,"3,092",0.1,0.8,8.1,3.2,1.1
838,3,0,0,0,"2,898",0,0.5,7.8,2.7,0.8
839,3,0,0,0,600,0,0.5,6,2.1,0.5
840,3,0,0,0,,,0.3,8.2,2.4,
841,3,0,0,0,,,0.4,9.4,3.5,
842,3,0,0,0,"3,471",,,,21,6.5
843,3,0,0,0,"11,413",0.8,2.3,9,12.8,4.7
844,3,0,0,0,"7,091",0.5,2.4,10,14.7,5.4
845,3,0,0,0,"2,787",0.9,2.8,11.5,15.8,5.1
846,3,0,0,0,"7,012",0.7,3,9.4,13.9,6
847,3,0,0,0,"3,004",1,2.5,7.9,10.8,4.2
848,3,0,0,0,"2,979",0,1.3,7.2,10.7,4
849,1,0,1,1,"1,148",6.1,10.7,15.9,39.5,13.3
850,1,0,1,1,"2,524",3.9,9,11,24.9,7.4
851,1,0,1,1,"4,883",1.6,4.4,12.2,19.6,4.4
852,1,0,1,1,"2,061",0.3,1.8,4.6,10.8,2.9
853,1,1,0,2,"1,297",,6.8,,25.7,10.6
854,1,1,0,2,"1,342",1.9,5.9,4.7,25.7,11.5
855,1,1,0,2,"1,328",1.5,4.7,4.9,28.9,11.7
856,2,0,0,0,"18,023",,2.2,9,7,3.9
857,2,0,0,0,"1,80,709",,5.7,4,18.6,6.7
858,2,0,0,0,"2,61,095",,4.5,4.3,18.2,5.4
859,2,0,0,0,"2,57,491",,4.3,4.9,18.3,4.5
860,2,0,0,0,"2,56,344",,4,4.9,17.4,4
861,2,0,0,0,"2,35,552",,3.8,5,17.9,3.9
862,2,0,0,0,"3,41,155",,3.8,4.7,18.9,4.1
863,2,0,0,0,"3,44,701",,3.8,4.7,19.3,4.4
864,2,0,0,0,"2,91,749",,3.8,5,19.9,4.5
865,2,0,0,0,"2,99,531",,4.4,4.9,19.2,4.6
866,2,0,0,0,"3,77,496",,4,5.2,18.3,4.1
867,2,0,0,0,"3,21,257",,3.9,5.3,17.4,3.9
868,2,0,0,0,,,4.4,5.4,17.3,4
869,2,0,0,0,,,4.8,5.4,17.6,4.2
870,2,0,0,0,,,5.2,5.3,17.7,4.6
871,2,0,0,0,,,5.2,5.2,17.1,4.5
872,2,0,0,0,,,4.8,5.5,16.2,4.1
873,2,0,0,0,,,4.8,6.1,16.2,3.9
874,2,0,0,0,"2,42,775",,5,6.1,15.6,3.7
875,2,0,0,0,,,4.5,6.3,14.6,3.2
876,2,0,0,0,,,4.1,6.4,13.4,2.9
877,1,0,1,0,"7,044",,11.1,,61.3,40.7
878,1,0,1,0,"2,702",1.3,6.7,2.9,61.5,36.6
879,1,0,1,0,"37,764",,13.5,,52.5,40.6
880,1,0,1,0,"12,919",,11.9,1.4,42.1,35.8
881,1,0,1,0,"1,540",2.8,11,1.8,43.7,31.1
882,1,0,1,0,"3,041",1,6.1,2.6,43.2,26.7
883,1,0,1,0,"1,529",2.4,8.9,2.6,37.5,23.4
884,1,0,1,0,"1,457",2.8,10.9,2.2,35.4,24.6
885,1,0,1,0,"1,500",2.8,11.3,2.7,33.7,23.8
886,1,0,1,0,"1,493",2.8,10.7,2.6,33.2,22.7
887,1,0,1,0,"1,531",2.5,9.9,3.1,31.8,22.1
888,1,0,1,0,"1,507",2.4,10.1,2.9,32.2,22.6
889,1,0,1,0,"1,484",2.5,9.7,3,30.5,20.2
890,1,0,1,0,"94,256",3.8,7.1,,29.3,17.5
891,1,0,1,0,,,6.6,,27.5,16.8
892,1,0,1,0,"3,607",1.2,4.1,4.5,22.7,11.7
893,1,0,1,0,,,6.7,4.8,26.7,16.2
894,1,0,1,0,"99,421",1.6,6.6,4.6,25.9,15.3
895,1,0,1,0,"98,424",4.8,6.8,3.5,24.9,14.5
896,1,0,1,0,"98,447",1.4,6.4,5.3,24.6,14.1
897,1,0,1,0,,,,,24.3,13.8
898,1,0,1,0,,1.2,5.8,5.9,23.8,13.4
899,0,1,1,0,"3,120",5.4,14.1,8.1,50.4,29.9
900,0,1,1,0,"3,833",,17.4,6.9,50.4,34.2
901,0,1,1,0,"8,222",6.8,16.5,3.7,55.2,43
902,0,1,1,0,"7,801",6.4,15.3,4.9,57.3,45.3
903,0,1,1,0,,4.4,13.7,6.3,57,36.7
904,0,1,1,0,"37,69,453",3.4,13.3,1.5,46.6,35.5
905,0,1,1,0,"14,624",5.4,16.4,2.5,46.4,39.9
906,1,1,0,1,"5,057",2.2,6.3,4.7,46.3,21.2
907,1,1,0,1,,,,,58.1,
908,1,1,0,1,"5,612",1.7,5.3,6.2,48.6,19.6
909,1,1,0,1,"11,05,300",1.8,5,14,59.2,19.6
910,1,1,0,1,"6,023",2.3,6.2,5.9,52.5,23.2
911,1,1,0,1,"5,933",2.3,5.6,8.4,45.8,14.9
912,1,1,0,1,"12,877",2.5,6.2,6.2,40,14.9
913,1,1,0,1,"9,689",1.5,4.2,5.2,34.6,11.8
914,1,0,1,1,"4,19,964",,,,,10.5
915,1,0,1,1,"2,470",0.4,1.7,5.4,31,8
916,1,0,1,1,"2,070",1.7,5.3,6.4,28.5,11.8
917,1,0,1,1,"3,181",4.1,8.3,10.5,33.8,11.5
918,1,0,1,1,"5,273",2.9,7.2,8.8,35.3,14
919,1,0,1,1,"6,196",0.5,2.4,3.5,35.1,11.7
920,1,0,1,1,"5,414",0.8,3.2,5.8,32.2,10.2
921,1,0,1,1,"9,591",0.7,3.2,3.6,27.6,11.2
922,1,0,1,1,"6,380",1.1,3.3,5.6,27.1,8.5
923,1,0,1,1,"5,978",0.3,2.9,2.5,23.5,9.7
